Game,Average_Score,Average_Sentiment_Score,Summary_Sentiment_Score
982.Daytona USA,9.0,9.9815,6.813000000000001
"1,085.Closer the Distance",9.0,9.98,9.3195
801.The Making of Karateka,9.0,9.952333,9.734
844.LostWinds: Winter of the Melodias,9.0,9.8995,7.294
951.Galactic Civilizations II: Dread Lords,7.0,9.88,8.8585
855.Enemy Engaged: RAH-66 Comanche Versus Ka-52 Hokum,8.0,9.8595,9.481
"1,095.Sam & Max Episode 205: What's New, Beelzebub?",9.0,9.854,9.7725
460.Descent 3,9.5,9.851749,9.6565
919.Pinball FX 2: Marvel Pinball,9.5,9.8415,5.8635
617.ESPN NHL 2K5,10.0,9.8235,5.0
"1,200.Easy Come Easy Golf",9.0,9.8165,9.859
915.Lunar 2: Eternal Blue,9.333333,9.777667,9.599
529.Superbike 2001,7.0,9.7545,9.376
760.NFL 2K2,10.0,9.7545,9.3275
"1,172.Solium Infernum",9.333333,9.734,6.48
"1,107.City of Heroes",8.625,9.733624,8.907
"1,058.Allegiance",10.0,9.725,8.057
400.Final Fantasy Chronicles,9.666667,9.7248335,9.0105
961.Grapple Dogs: Cosmic Canines,9.5,9.716499,8.0665
628.Oddworld: Stranger's Wrath,8.833333,9.683917,8.9225
979.Arco,9.25,9.673375,9.568
828.PixelJunk Shooter,7.2,9.651199,9.65
837.Guilty Gear X2,8.5,9.6495,9.8755
46.Madden NFL 2003,10.0,9.647334,8.8595
864.Minds Beneath Us,9.4,9.6282,9.5815
773.NASCAR SimRacing,9.5,9.6175,9.6685
585.Pinball FX 2,8.923077,9.583269,8.632
894.Test Drive V-Rally,9.0,9.56225,9.455
409.Gunstar Heroes,9.25,9.551001,7.553000000000001
639.Art of Balance,8.5,9.54575,5.5135000000000005
606.The Crimson Diamond,7.0,9.54,7.9245
137.NFL 2K3,8.0,9.48925,5.0
867.Warhammer 40K: Rogue Trader - Void Shadows,10.0,9.483,9.36
"1,071.Aggressive Inline",8.333333,9.472667,5.0
935.Guilty Gear X2 #Reload,9.0,9.448,9.1225
885.Might & Magic: Clash of Heroes,9.5,9.432,8.589
846.The Last Friend,8.0,9.432,9.1995
136.NHL 2002,8.5,9.42675,8.0935
"1,049.Gunman Clive HD Collection",8.0,9.4185,9.201
477.The Beatles: Rock Band,9.428572,9.406,9.6435
469.Synth Riders,9.0,9.403401,8.982
307.Jack Jeanne,9.666667,9.403056,9.36
543.Tribes 2,9.666667,9.401167,9.7915
"1,037.Code:Realize - Guardian of Rebirth",7.75,9.3935,9.2685
761.Kohan: Immortal Sovereigns,10.0,9.3905,8.953
958.Star Trek: Voyager Elite Force,8.75,9.390375,9.268
545.NHL 09,8.666667,9.370334,9.286
517.Shadow Complex,8.714286,9.336642,9.466
"1,000.Tales From Space: Mutant Blobs Attack",8.969697,9.332319,9.734
858.Startopia,8.8,9.328501,8.9125
"1,170.GTR FIA Racing",10.0,9.319,8.1245
493.Colors! 3D,9.4,9.313499,7.144
"1,188.Hot Shots Golf 3",7.75,9.28775,9.158
"1,156.LocoRoco 2",8.0,9.280666,8.909
290.Tony Hawk's Underground,9.541667,9.265938,7.786999999999999
609.FIFA Soccer 2003,10.0,9.221,9.221
707.Super Monkey Ball 2,8.571428,9.218096,9.1125
538.NHL 10,9.0,9.212299,6.0115
120.Rock Band 3,8.52,9.14818,8.1245
658.Oddworld: Abe's Exoddus,9.285714,9.134143,7.335000000000001
744.RalliSport Challenge,8.666667,9.126666,8.1245
745.RalliSport Challenge,8.666667,9.126666,8.1245
634.LittleBigPlanet PS Vita,9.319445,9.121388,9.484
108.SSX 3,9.48,9.1109,9.8255
906.Fluidity,9.3,9.1092005,9.799
871.F1 2017,7.909091,9.107728,4.871
243.Galactic Civilizations II: Dark Avatar,9.0,9.1045,8.335
848.Bomberman Blast,7.5,9.1025,9.0575
351.TimeSplitters 2,8.928572,9.100625,9.758
892.Mercenaries: Playground of Destruction,9.25,9.096,9.088
354.Pushmo,8.681818,9.086534,8.774
824.ANTONBLAST,9.444445,9.078111,9.556
899.Patapon,8.545455,9.074364,4.742
188.Rock Band 2,7.857143,9.0482855,8.6755
211.Madden NFL 2001,7.6666665,9.0425005,9.5765
348.Flight Simulator 2002,10.0,9.0355,8.1245
"1,171.Shadow Hearts: Covenant",9.227273,9.023182,8.8915
461.The Curse of Monkey Island,9.382978,9.018414,9.4035
939.Crashmo,8.857142,9.016214,5.0
"1,187.WWE SmackDown! Here Comes the Pain",9.405405,9.011162,8.254
787.Unavowed,8.521739,8.998979,9.9135
789.OutRun,9.666667,8.995001,8.887
642.Crimson Skies: High Road to Revenge,9.166667,8.990334,9.2775
181.Guitar Hero II,8.333333,8.972472,9.7725
"1,019.IL-2 Sturmovik: 1946",8.666667,8.947361,7.602
757.MLB 13: The Show,8.235294,8.932632,9.608
814.Zeus: Master of Olympus,8.909091,8.925409,7.178
722.The Swapper,8.776786,8.9087,8.542000000000002
456.Lone Echo,8.346154,8.903577,8.347
849.Kirby's Epic Yarn,8.535714,8.902684,6.113999999999999
656.Animal Crossing: New Leaf,8.851163,8.902546,9.8205
132.Flipnote Studio,7.230769,8.901924,9.768
753.Tearaway,9.379746,8.89929,9.824
22.The Orange Box,9.172043,8.893559,6.806
"1,046.Sumire",8.666667,8.882417,9.856
214.Klonoa 2: Lunatea's Veil,9.1875,8.882202,9.6685
843.Tales From The Borderlands: Episode 5 - The Vault of the Traveler,9.714286,8.870952,9.5845
"1,092.Guitar Hero III: Legends of Rock",8.5,8.864557,9.59
"1,087.Falcon 4.0",9.0,8.863833,9.7925
900.Sid Meier's Civilization IV: Beyond the Sword,9.166667,8.860875,8.6745
"1,101.MLB 08: The Show",9.0,8.8585,7.202
"1,196.Resogun: Defenders",9.0,8.857625,9.131
328.VIDEOVERSE,8.142858,8.849856,9.6565
629.Rise of Nations: Thrones & Patriots,9.857142,8.849428,9.7115
"1,186.Medieval II: Total War Kingdoms",8.363636,8.847273,6.0115
922.Trials HD,8.875,8.846917,9.576
105.Persona 4 Golden,9.387006,8.845788,9.656
380.Burnout Revenge,9.5,8.8445,9.2175
797.Super Monkey Ball,8.066667,8.841367,7.4695
"1,143.Wizardry 8",8.875,8.8203125,8.7895
"1,028.DJ Hero 2",8.833333,8.819417,9.55
"1,198.In Stars And Time",9.55,8.811175,9.2225
196.Rayman Legends,9.509259,8.809069,9.8305
989.Age of Wonders II: The Wizard's Throne,7.6,8.795199,2.5575
983.Age of Wonders II: The Wizard's Throne,7.6,8.795199,2.5575
474.The Chronicles of Riddick: Escape From Butcher Bay,9.166667,8.790167,8.3485
384.Sacrifice (2000),9.578947,8.773974,6.191
386.Sacrifice (2000),9.578947,8.773974,6.191
881.Boom Blox Bash Party,7.8,8.7638,4.751
943.Brothers: A Tale of Two Sons,9.073171,8.760642,9.8045
161.ESPN NFL 2K5,9.947369,8.750237,6.7
299.Black & White,7.304348,8.749761,9.791
50.Portal 2,9.01084,8.746367,8.825000000000001
769.Little King's Story,9.307693,8.746,9.556
526.Cocoon,8.602041,8.740363,9.5145
207.Metroid Prime Trilogy,9.223881,8.73997,9.5845
309.MLB 11: The Show,9.153846,8.739809,5.0605
478.Advance Wars 2: Black Hole Rising,9.833333,8.7386675,8.548
973.Bastion,9.042553,8.735166,0.2529999999999999
"1,150.Nioh: Bloodshed's End",9.833333,8.734917,7.377000000000001
332.Silent Hunter III,7.2,8.7296,9.344
441.Out of the Park Baseball 15,9.133333,8.7283325,9.329
62.Madden NFL 2004,9.555555,8.720722,8.8585
718.Mass Effect 2: Lair of the Shadow Broker,8.956522,8.72,8.243
587.NHL 11,8.090909,8.716796,1.5460000000000005
"1,141.Rumble Racing",8.0,8.715,3.9885
364.Astro Bot Rescue Mission,9.668674,8.70102,8.589
686.Europa Universalis II,9.4,8.699201,9.618
818.Marvel vs. Capcom Fighting Collection: Arcade Classics,9.2,8.6879,9.214
999.Tom Clancy's Ghost Recon Advanced Warfighter 2,8.0,8.685949,8.25
100.Super Mario 3D World,8.795276,8.683008,9.1785
358.Chicory: A Colorful Tale,8.538462,8.682865,9.403
555.Tactics Ogre: The Knight of Lodis,9.375,8.6814375,9.5585
645.Dark Age of Camelot,8.583333,8.680667,7.202
138.SSX Tricky,9.357142,8.679536,9.5585
247.Forza Motorsport 4,8.844444,8.675271,6.591
"1,148.Metal Slug X",9.058824,8.674852,9.776
237.Yoshi's Island: Super Mario Advance 3,9.454545,8.671217,7.030000000000001
313.Stephen's Sausage Roll,7.3846154,8.666231,8.1245
819.Velocity Ultra,8.666667,8.6615,8.978
"1,113.F-Zero X",8.481482,8.659685,7.955999999999999
810.Pikmin 3,9.222222,8.657404,9.271
"1,142.Tropico",8.5,8.6434,9.201
412.Phantasy Star Online,9.5,8.642834,9.2775
202.LittleBigPlanet 2,8.994653,8.638813,9.569
866.Out of the Park Baseball 14,8.827586,8.637915,9.1355
"1,174.Football Manager 2011",8.933333,8.637833,7.9635
752.TowerFall Ascension,7.987013,8.637441,9.36
541.Age of Empires II: The Conquerors Expansion,9.761905,8.628239,9.3585
129.Paper Mario,9.198198,8.624676,1.2105
"1,110.Lara Croft and the Guardian of Light",7.9444447,8.600361,2.447
"1,007.Chants of Sennaar",8.703704,8.597037,9.4955
"1,021.Final Fantasy XIV: Heavensward",8.018518,8.592316,8.5015
933.Riven,8.0,8.582578,7.775
381.Dragon Quest VIII: Journey of the Cursed King,8.702127,8.575064,6.806
"1,157.The Lord of the Rings Online: Mines of Moria",6.75,8.572,0.6555
573.JSRF: Jet Set Radio Future,8.787879,8.565592,9.063
"1,190.Shovel Knight",8.465909,8.565575,9.4945
"1,017.Beat Saber",8.203704,8.565331,7.202
868.Overboard!,9.0,8.56175,3.52
239.The Longest Journey,7.90625,8.560702,7.009499999999999
508.A Short Hike,8.688073,8.558344,8.8225
185.Journey,8.77327,8.556206,7.0505
343.Super Mario 3D Land,8.533493,8.550559,7.7065
"1,169.Chaos Reborn",8.821428,8.548606,9.158
741.Paper Mario: The Thousand-Year Door (2004),9.142858,8.54767,9.697
5.Super Mario Galaxy 2,9.294118,8.534562,9.3265
302.The Legend of Zelda: The Wind Waker HD,9.220532,8.532441,9.8805
162.Super Smash Bros. Melee,9.164835,8.528875,8.591999999999999
160.Super Mario World: Super Mario Advance 2,9.391304,8.528121,9.4885
913.Borderlands 2: Tiny Tina's Assault on Dragon Keep,8.6,8.520052,8.7505
4.Super Mario Galaxy,9.220674,8.51603,4.933
142.Rock Band,8.25,8.514125,3.603
38.LittleBigPlanet,8.40553,8.507839,6.9225
947.Final Fantasy XII: The Zodiac Age,8.058824,8.503243,9.82
"1,089.NHL 2004",9.5,8.503,9.0965
646.NASCAR Thunder 2004,9.333333,8.500417,9.811
268.Satisfactory,9.491526,8.499076,9.6005
416.F-Zero GX,8.534483,8.494742,7.997000000000001
60.The Legend of Zelda: Ocarina of Time 3D,9.281319,8.491587,9.753
319.Portal: Still Alive,9.03125,8.489609,9.467
777.MLB 12: The Show,8.033334,8.489182,9.866
245.The Operative: No One Lives Forever,8.678572,8.486607,9.702
263.The Legend of Zelda: A Link Between Worlds,8.957958,8.486561,9.885
793.Rayman Origins,8.717949,8.48571,9.088
632.SteamWorld Dig 2,8.552083,8.48565,9.417
431.Cave Story,8.642858,8.481928,5.385999999999999
7.Perfect Dark (2000),9.188235,8.479677,8.155
549.Meteos,52.23077,8.478423,9.467
475.WWF No Mercy,8.357142,8.475321,9.645
"1,109.Blaster Master Zero II",8.25,8.473687,8.825000000000001
200.Myth: The Fallen Lords,9.666667,8.470668,0.7224999999999998
165.Forza Motorsport 3,8.791667,8.469639,9.4025
287.Mario & Luigi: Superstar Saga,8.66129,8.4685955,9.01
208.I Was a Teenage Exocolonist,9.066667,8.465233,2.8045
660.Halls of Torment,8.583333,8.46125,8.7895
980.Tales of Symphonia,8.906977,8.457011,9.155
560.Dead Cells: Return to Castlevania,9.4,8.4568,6.182499999999999
"1,002.Skate",8.153846,8.456769,9.056
"1,098.Tales from the Borderlands: A Telltale Game Series",8.325,8.447327,9.8645
800.Minishoot' Adventures,9.222222,8.443999,8.634500000000001
"1,075.Project Gotham Racing 4",8.333333,8.44376,5.901
280.Final Fantasy XIV: Shadowbringers,9.346774,8.439701,7.8545
"1,012.Europa Universalis",5.3333335,8.434001,7.997000000000001
502.Top Spin,5.0,8.42625,8.9225
"1,180.Monkey Island 2 Special Edition: LeChuck's Revenge",9.25,8.423,9.559
94.Dwarf Fortress,8.813953,8.414822,6.614
35.Baldur's Gate II: Shadows of Amn,9.471795,8.413398,9.7465
173.Fire Emblem: Awakening,9.002832,8.411597,7.294
830.Dark Cloud 2,8.8,8.41046,7.463500000000001
579.Myth II: Soulblighter,9.5,8.4088745,9.789
"1,149.Out of the Park Baseball 13",9.333333,8.408013,8.062000000000001
179.Galactic Civilizations II: Twilight of the Arnor,7.266667,8.3969,9.275
"1,155.Pure",8.0,8.394433,4.577999999999999
30.The Legend of Zelda: The Wind Waker,8.928572,8.391211,9.806
553.Super Street Fighter II Turbo HD Remix,8.666667,8.384999,9.7015
277.Project Gotham Racing 2,8.0,8.38175,9.8215
467.Metal Gear Solid HD Collection,9.379746,8.376451,9.758
420.Need for Speed: Hot Pursuit 2,8.73913,8.371609,7.009499999999999
"1,093.Sly Cooper Collection",8.727273,8.369009,9.559
950.Star Wars Pinball,8.75,8.366938,5.7655
"1,024.Dance Central 3",8.333333,8.362625,9.63
458.Rise of Nations,8.409091,8.354364,9.704
33.Grand Theft Auto Double Pack,8.428572,8.353286,9.329
"1,140.Core Keeper",8.090909,8.353182,9.449000000000002
969.Geometry Wars: Retro Evolved,9.0,8.350333,5.258000000000001
839.Ratchet & Clank Future: A Crack in Time,8.962963,8.346314,4.2545
"1,147.Giants: Citizen Kabuto",8.461538,8.34423,2.5305
"1,173.Syphon Filter: Logan's Shadow",9.363636,8.341001,9.843
34.Portal: Companion Collection,9.444445,8.336417,9.841
542.Diddy Kong Racing,9.0222225,8.333122,9.481
"1,018.SteamWorld Heist",8.857142,8.32812,7.009499999999999
471.Dreams,9.130435,8.322066,8.1845
"1,010.Forza Horizon 2",9.041841,8.320798,7.8605
684.Dragon Quest IX: Sentinels of the Starry Skies,9.070175,8.319788,5.5135000000000005
292.Mario & Luigi: Bowser's Inside Story,8.883333,8.318852,9.118
244.Mass Effect,8.683486,8.318506,9.4725
624.Starcraft II: Legacy of the Void,47.57143,8.31543,9.147
527.Lorelei and the Laser Eyes,8.714286,8.3141775,7.8945
422.Kynseed,9.5,8.31125,9.7855
953.Animal Crossing: Wild World,7.6595745,8.310554,9.2285
925.Punch-Out!!,9.195122,8.310013,9.8165
850.Pac-Man Championship Edition DX +,8.6285715,8.305588,9.221
93.Pac-Man Championship Edition DX,8.6285715,8.305587,9.221
"1,026.Final Fantasy XIV Online: A Realm Reborn",7.1415095,8.302901,2.6915
664.Rocksmith 2014 Edition,8.153846,8.301039,9.15
516.R4: Ridge Racer Type 4,9.0,8.300026,2.213
533.Super Mario Maker,8.766666,8.29868,9.1355
512.Shenmue,9.66,8.298481,7.929500000000001
532.Mario Kart 8,8.851774,8.296092,0.5214999999999997
566.Project Gotham Racing 3,7.2352943,8.293411,9.7725
"1,145.Tomb Raider II",9.0,8.292125,7.929500000000001
233.DOA2: Hardcore,7.75,8.291438,5.2490000000000006
569.The World Ends with You,8.838235,8.287646,2.8925
87.Super Smash Bros. Brawl,8.837989,8.2797165,6.959
623.Paper Mario: The Thousand-Year Door,9.2,8.279678,5.385999999999999
853.The Great Ace Attorney Chronicles,8.626506,8.275158,9.895
607.Sly 2: Band of Thieves,9.117647,8.274192,9.892
65.Sid Meier's Civilization II,9.555555,8.272653,8.548
293.Trials Evolution,8.716666,8.270575,6.806
376.Shin Megami Tensei: Persona 3 Portable,8.623854,8.270572,3.8685
383.The Legend of Zelda: Majora's Mask 3D,8.626316,8.264218,3.409
963.We Love Katamari,9.142858,8.2635,8.953
180.Super Smash Bros. for Nintendo 3DS / Wii U,8.960784,8.262373,2.003
367.NBA 2K12,7.5,8.261787,7.997000000000001
"1,127.Bug Fables: The Everlasting Sapling",8.753623,8.261181,9.4475
570.Torchlight II,8.747191,8.257702,9.4425
"1,014.Command & Conquer: Red Alert 2 - Yuri's Revenge",9.222222,8.256473,7.786999999999999
148.Banjo-Kazooie,9.281482,8.250466,8.923
966.Dance Central 2,9.333333,8.249778,9.386
696.Critter Crunch,8.0,8.248875,9.2405
297.NBA Street Vol. 2,9.1,8.245851,5.0
"1,006.Rise of the Tomb Raider",8.469465,8.244128,8.243
314.Tsukihime: A Piece of Blue Glass Moon,9.764706,8.239206,9.7195
"1,177.South Park: The Stick of Truth",8.511057,8.236348,9.516
863.Burnout Legends,8.6875,8.235812,9.294
"1,011.Monster Train",8.172414,8.232155,9.7465
786.Divinity: Original Sin,8.429167,8.227882,9.1565
335.Chained Echoes,8.575,8.226389,2.3325
"1,123.Paradigm",8.7,8.222799,6.3660000000000005
595.The Talos Principle 2,9.384615,8.220782,3.579
111.Okami,9.111111,8.220501,1.2245
945.NCAA Football 11,6.875,8.2175,9.466
513.Tiger Woods PGA Tour 2005,9.0,8.213334,8.1245
327.WWF SmackDown! 2: Know Your Role,8.75,8.206292,9.758
255.Neverwinter Nights,8.231884,8.203877,4.8415
396.Fable II,7.9444447,8.199112,7.100499999999999
491.Grandia,8.571428,8.1975,9.725
27.The Elder Scrolls V: Skyrim,8.774,8.195373,9.088
24.Mass Effect 2,8.886076,8.194732,9.7475
653.Ridge Racer,7.714286,8.193714,6.047000000000001
64.The Elder Scrolls IV: Oblivion,8.924418,8.193497,3.291
748.Donkey Kong Country Returns,8.555555,8.191503,9.7655
274.Mario Kart DS,8.738636,8.191357,9.088
109.Homeworld,9.25,8.187202,6.591
960.Professor Layton and the Unwound Future,8.634147,8.184085,7.866999999999999
172.Tony Hawk's Pro Skater,8.142858,8.183429,7.6335
130.INSIDE,8.565789,8.181707,9.5765
184.Final Fantasy XIV: Endwalker,8.9694395,8.181255,6.007
536.Psychonauts,8.307693,8.181077,0.3384999999999999
176.Sid Meier's Alpha Centauri,9.705882,8.180779,6.3660000000000005
252.Planescape: Torment,9.592308,8.180576,9.613499999999998
840.Teenage Mutant Ninja Turtles: Shredder's Revenge - Dimension Shellshock,8.666667,8.179389,9.4425
84.Star Wars: Knights of the Old Republic,9.449275,8.175507,1.5175
198.Madden NFL 2005,0.0,8.1755,8.548
755.Theatrhythm Final Bar Line,8.793103,8.174276,3.409
962.Star Ocean: The Second Story R,9.272727,8.169454,8.8075
58.Batman: Arkham City,8.974409,8.1669445,9.5765
"1,106.Super Street Fighter IV",8.4561405,8.165535,8.8915
"1,160.The Forgotten City",8.046154,8.164985,8.96
589.The Elder Scrolls III: Morrowind - Game of the Year Edition,9.615385,8.163212,8.450500000000002
382.Metroid: Zero Mission,8.931507,8.163096,9.65
767.Astral Ascent,8.916667,8.161959,9.2595
681.The Nioh Collection,8.823529,8.161705,9.6905
"1,181.Fire Emblem: The Sacred Stones",9.058824,8.161161,9.7115
930.Starcraft II: Heart of the Swarm,7.3636365,8.152259,9.6565
"1,103.13 Sentinels: Aegis Rim",8.936171,8.151246,4.2345
700.Shin Megami Tensei V: Vengeance,8.255814,8.150861,9.8735
340.Okami HD,9.145833,8.147927,9.4475
414.Jade Empire,8.454545,8.146682,8.715
"1,167.Fable (2004)",8.0,8.144622,9.2595
944.SoulCalibur III,8.555555,8.143236,8.5605
401.Pizza Tower,9.526628,8.14029,9.18
341.Geometry Wars: Retro Evolved 2,9.4,8.1371,4.742
742.Mario Kart: Double Dash!!,8.350428,8.136822,3.194
482.Ratchet & Clank Future: Tools of Destruction,8.627907,8.1357155,1.6215000000000002
975.Sonic Mania,8.932292,8.134618,9.792000000000002
311.Jak and Daxter: The Precursor Legacy,8.595238,8.134421,8.9225
847.Bustafellows,8.0,8.134001,0.4194999999999999
484.Tony Hawk's Pro Skater 1 + 2,8.685446,8.133291,9.8545
648.The Talos Principle: Deluxe Edition,8.571428,8.133013,9.324
494.NBA 2K11,8.138889,8.129819,7.786999999999999
877.Valkyria Chronicles,8.627119,8.127348,9.863
395.Castlevania: Symphony of the Night,8.941176,8.126148,7.7815
51.Final Fantasy IX,9.135246,8.125163,9.5055
"1,166.Project Gotham Racing",7.6,8.1235,4.1105
909.Tomb Raider,8.583333,8.122762,9.4295
177.Wave Race 64,8.76,8.1221,8.352500000000001
106.Persona 5,8.774,8.11935,9.696
524.CTR: Crash Team Racing,9.067797,8.11545,9.6845
554.Warcraft III: The Frozen Throne,9.374384,8.114475,9.593
40.Gran Turismo 3: A-Spec,8.596491,8.113034,8.243
225.Spyro: Year of the Dragon,9.1375,8.110587,9.839
39.The Legend of Zelda Collector's Edition,9.590909,8.107317,8.825000000000001
"1,083.Kingdom Two Crowns",7.0,8.105234,1.596
339.DAVE THE DIVER,8.194445,8.101909,8.453999999999999
465.NORCO,7.2083335,8.100562,8.057
831.GRID (2008),7.4,8.098033,3.3
321.Shin Megami Tensei: Persona 4,8.623656,8.096317,9.2595
712.Pikmin 4,9.083566,8.096275,6.591
199.Against the Storm,8.22,8.09593,1.0470000000000002
118.The Legend of Zelda: Skyward Sword,8.545455,8.093241,8.8145
"1,072.The Talos Principle",8.740506,8.092919,9.2765
75.Tom Clancy's Splinter Cell: Chaos Theory,9.535714,8.090589,6.3660000000000005
407.Titanfall 2,8.6966915,8.089693,9.521
229.Kentucky Route Zero - Act III,8.0625,8.087969,7.339
582.Divinity: Original Sin Enhanced Edition,7.807229,8.087709,8.1245
"1,168.Forza Horizon",8.465838,8.087213,5.1935
540.Kerbal Space Program,8.820513,8.087175,9.639
"1,119.Bravely Default",7.709677,8.086879,9.6625
911.Tribes: Ascend,8.291892,8.083896,8.5015
270.Shovel Knight: Treasure Trove,8.0625,8.082187,9.3125
820.There is no game : Wrong dimension,8.3529415,8.081176,9.2035
"1,033.F-Zero: Maximum Velocity",6.0,8.077786,5.385999999999999
739.New Super Mario Bros. Wii,7.832599,8.077489,8.0835
151.Celeste,8.875305,8.077229,8.715
78.Burnout 3: Takedown,9.53125,8.076609,8.1845
"1,195.Pro Evolution Soccer 2017",8.07826,8.075528,9.6855
371.The Witcher 3: Wild Hunt - Hearts of Stone,9.128866,8.07415,9.636
"1,062.Cadence of Hyrule: Crypt of the NecroDancer Featuring The Legend of Zelda",8.597561,8.070797,8.57
"1,135.Bit.Trip Presents...Runner2: Future Legend of Rhythm Alien",46.357143,8.070608,8.548
821.Forza Horizon 3: Hot Wheels,9.769231,8.069961,9.467
55.Astro Bot,9.544,8.069193,9.623
433.Guild Wars,8.428572,8.066582,5.385999999999999
895.Total Annihilation,9.6,8.062321,6.791
97.Unreal Tournament 2004,9.157895,8.062018,9.1355
788.Company of Heroes: Opposing Fronts,7.9375,8.057968,9.762
679.The Witness,7.1813188,8.056375,9.540500000000002
836.Sonic Advance,7.847826,8.055663,8.825000000000001
977.Joe Danger,8.222222,8.053888,8.453999999999999
"1,081.Ni no Kuni: Wrath of the White Witch",8.537313,8.052806,6.061
194.The Witcher 3: Wild Hunt - Blood and Wine,9.229651,8.051052,9.1965
53.Tony Hawk's Pro Skater 4,9.1,8.050024,8.8915
429.Fez,7.7291665,8.049495,9.065
204.Guitar Hero,7.5,8.0455,9.6655
57.Madden NFL 2002,9.0,8.04325,8.2985
223.Tomb Raider (1996),8.843137,8.040256,2.3495
67.Call of Duty 4: Modern Warfare,8.813397,8.039253,9.1355
898.Monster Hunter 4 Ultimate,8.52,8.037237,9.7655
588.Wario Land 4,8.913043,8.036435,8.8915
45.The Legend of Zelda: Twilight Princess,8.810198,8.035797,2.7515
806.flower,8.019231,8.032643,9.559
315.Deus Ex,9.080717,8.028706,9.2195
338.Pikmin 2,9.309091,8.0269375,3.194
823.Hex: Shards of Fate,5.839286,8.023026,4.2435
486.New Super Mario Bros.,8.527919,8.019207,9.088
182.Final Fantasy VII,9.140351,8.018988,7.9365
114.SoulCalibur II,9.129032,8.018227,6.191
901.Dragon Quest Builders 2,7.6551723,8.011637,9.156
"1,027.Luigi's Mansion: Dark Moon",8.48503,8.011263,9.4035
511.Excitebike 64,8.444445,8.009778,9.9105
"1,091.Legend of Grimrock II",8.12987,8.005895,7.553000000000001
"1,153.Rocket League",8.04065,8.004991,5.979
665.Guacamelee! Super Turbo Championship Edition,8.018518,8.002074,8.18
163.Virtua Tennis,8.4,8.000101,9.18
378.Xenoblade Chronicles: Definitive Edition,9.048218,7.995391,5.640000000000001
"1,116.Trials Evolution: Origin of Pain",8.75,7.995,7.997000000000001
525.Crusader Kings II: The Old Gods,7.357143,7.9939294,9.037
175.Final Fantasy X,8.908089,7.991405,8.982
910.Picross 3D: Round 2,8.4,7.99115,8.062000000000001
428.Tetris Effect,7.732143,7.991143,8.7015
591.It Takes Two,9.054974,7.990911,6.864
80.Metal Gear Solid 3: Subsistence,9.5625,7.990713,9.5765
218.FreeSpace 2,9.25,7.9900503,4.1105
216.FreeSpace 2,9.25,7.99005,4.1105
385.Age of Mythology,9.047059,7.9860525,0.7790000000000002
71.Super Mario Advance 4: Super Mario Bros. 3,8.625,7.984993,9.185
73.Super Mario Advance 4: Super Mario Bros. 3,8.625,7.9849916,9.185
775.Metal Gear Solid 2: Substance,7.5,7.980625,7.6335
96.Divinity: Original Sin II,8.673077,7.9788833,8.82
"1,179.Clive Barker's Undying",9.166667,7.9779363,1.2105
934.Dungeon Siege,8.387096,7.977888,0.479
483.Peggle,8.2,7.9768343,9.7385
"1,178.World of Goo 2",6.7727275,7.973592,7.717
510.DUSK,8.5245905,7.9722857,9.8055
"1,061.Resogun: Heroes",8.666667,7.9683337,4.5885
336.Super Meat Boy,8.010753,7.967978,8.753
61.Chrono Cross,8.633333,7.966906,9.189
18.GoldenEye 007,8.979866,7.9665685,2.148
370.Kentucky Route Zero - Act IV,5.8,7.965,8.9065
195.Final Fantasy VI,9.322034,7.9643903,7.553000000000001
221.Metal Gear Solid 3: Snake Eater,9.18107,7.964053,2.1055
379.Call of Duty 2,8.591837,7.9624996,8.8625
394.Pillars of Eternity,8.003732,7.9613786,9.375
174.Age of Empires II: The Age of Kings,8.551021,7.9604187,9.4345
303.Portal,8.733711,7.958674,9.169
402.Assassin's Creed: Brotherhood,8.376288,7.9566097,7.058999999999999
"1,122.Tekken Tag Tournament",8.68,7.9561796,7.553000000000001
619.Fire Emblem,9.309524,7.9498696,9.8535
"1,192.The Legend of Zelda: Four Swords Anniversary Edition",8.176471,7.9496775,1.9965
308.Advance Wars: Dual Strike,9.307693,7.949423,8.89
219.Ratchet & Clank: Up Your Arsenal,9.0625,7.9443626,1.9290000000000005
8.Tony Hawk's Pro Skater 3,8.326087,7.940933,9.01
47.Persona 5 Royal,8.879,7.9361424,8.589
842.PixelJunk Monsters Deluxe,7.25,7.934625,9.577
49.Red Dead Redemption,8.965328,7.9331865,9.088
685.Pokemon X,7.9930797,7.9328637,5.7655
"1,073.Cities: Skylines",8.667476,7.925498,9.6005
556.Starcraft,8.974138,7.924559,9.593
"1,051.Humanity",8.384615,7.9213343,1.0830000000000002
"1,069.Tom Clancy's Splinter Cell: Conviction",7.885714,7.91862,5.0
377.Neon White,8.588235,7.9181137,9.5175
955.Medal of Honor Underground,8.882353,7.9179707,0.8665
183.Chrono Trigger,9.028902,7.9139786,7.997000000000001
937.Lonely Mountains: Snow Riders,9.0,7.912834,7.5215
936.Lonely Mountains: Snow Riders,9.0,7.912834,7.5215
967.Sly Cooper and the Thievius Raccoonus,8.144737,7.9106717,3.7625
"1,076.Metroid Prime: Hunters",7.6,7.9071174,5.0
19.Uncharted 2: Among Thieves,8.979939,7.9065213,4.4865
852.The Elder Scrolls IV: Shivering Isles,9.75,7.904875,8.907
369.Command & Conquer: Red Alert,8.733334,7.9044504,8.188500000000001
938.Star Wars: Knights of the Old Republic II - The Sith Lords,9.36,7.90206,9.192
902.Dragon Age: Origins,8.266233,7.901429,9.2135
13.Super Mario Odyssey,8.885,7.899262,9.8415
170.Super Mario Sunshine,8.073426,7.8988957,0.4994999999999999
613.Shogun Showdown,9.428572,7.898857,5.9750000000000005
711.Diablo II: Lord of Destruction,9.638889,7.896029,9.041
497.Stardew Valley,8.8707485,7.8953648,7.5115
112.Fallout 3,8.750819,7.892431,8.548
"1,022.Wildermyth",7.714286,7.8913736,7.627999999999999
699.Tactical Breach Wizards,7.75,7.8906665,8.9205
762.Animal Crossing,8.878788,7.8852124,6.407499999999999
424.Homeworld: Cataclysm,9.0,7.8841996,9.474
147.Warcraft III: Reign of Chaos,9.216981,7.884145,2.5305
599.The Witcher 2: Assassins of Kings,8.25,7.882034,9.7645
43.The Legend of Zelda: Majora's Mask,9.301205,7.8794703,9.2405
334.Thank Goodness You're Here!,8.3125,7.8780937,9.5765
663.Plants vs. Zombies,8.892704,7.875486,9.088
523.Dishonored,8.146617,7.8754783,7.553000000000001
375.Borderlands 2,8.12,7.873794,3.701
15.NFL 2K1,9.8,7.8737664,9.2765
601.Unity of Command II,8.111111,7.8701115,9.178
473.Deus Ex: Human Revolution,8.176744,7.8698144,8.3485
296.Factorio,9.525822,7.8657746,9.851
912.Asgard's Wrath 2,8.681818,7.8636937,7.433
873.Unicorn Overlord,8.474359,7.8629103,8.7865
993.The Lord of the Rings Online: Shadows of Angmar,7.15,7.862487,8.1845
796.Forza Horizon 3: Blizzard Mountain,8.666667,7.861666,2.0625
"1,065.Shantae: Risky's Revenge",9.0,7.859625,7.058999999999999
222.Dragon Quest XI S: Echoes of an Elusive Age - Definitive Edition,8.658436,7.855505,5.129
675.Persona 3 Reload,8.83682,7.8551545,6.6455
352.Guild Wars 2,7.6498485,7.8551435,8.715
69.Halo 3,8.9087305,7.8494186,0.4744999999999999
"1,032.Dragon Quest XI: Echoes of an Elusive Age",8.385651,7.8488173,8.953
832.Kingdom Hearts II,8.766839,7.8476152,9.5175
565.The Secret of Monkey Island: Special Edition,9.0,7.8465915,9.819
143.Super Mario Bros. Wonder,9.109208,7.844233,9.7365
346.The Stanley Parable: Ultra Deluxe,8.078651,7.8429475,9.5095
242.Halo: Reach,8.432741,7.8428144,9.8005
333.Mark of the Ninja,9.390244,7.842012,8.634500000000001
501.NBA Street,8.5,7.840625,9.417
92.Grand Theft Auto: Chinatown Wars,8.775,7.840574,9.63
98.Braid,7.8421054,7.8350396,3.75
643.HYPER DEMON,6.8,7.833,7.294
240.Star Wars Jedi Knight: Dark Forces II,48.285713,7.8245,9.511
"1,025.Shatter (2009)",8.4,7.8212996,6.487499999999999
651.Night in the Woods,7.372549,7.8181057,1.938
766.Pokemon HeartGold Version,9.007751,7.8142486,9.467
"1,063.Monster Hunter Generations",7.9607844,7.8124804,9.36
"1,077.Metroid: Samus Returns",8.576923,7.811553,1.367
770.Pro Evolution Soccer 2016,7.5757575,7.80966,9.037
927.Suikoden III,7.875,7.8056564,5.823
976.The Legend of Zelda: Four Swords Adventures,7.388889,7.804306,9.413
464.NASCAR Racing 2003 Season,9.25,7.798375,9.158
455.Cuphead in the Delicious Last Course,47.57143,7.797642,9.6155
210.Baldur's Gate,8.49367,7.7965913,6.001
275.Assassin's Creed II,8.58983,7.795338,9.329
432.The Walking Dead: Episode 5 - No Time Left,8.521739,7.7949414,4.4865
489.Metal Gear Solid: Peace Walker,8.692307,7.7844467,9.735
192.Out of the Park Baseball 17,7.5625,7.7806726,3.953
59.Metroid Prime Remastered,8.992278,7.778703,1.811
592.Pokemon Y,7.900901,7.7781506,8.548
689.Baldur's Gate: Dark Alliance,8.263158,7.777684,7.383500000000001
102.SSX (2000),8.5,7.77435,9.7885
206.World of Warcraft: Wrath of the Lich King,7.90625,7.7730656,9.65
"1,138.Guitar Hero World Tour (2008)",5.8333335,7.7724166,6.008
212.F1 Challenge '99-'02,9.5,7.7717505,7.7115
288.Slay the Princess,8.26,7.7709894,3.194
594.Ori and the Blind Forest,8.792969,7.765621,9.1355
283.Diablo III: Ultimate Evil Edition,7.8061676,7.765328,6.7
189.Mario Kart 8 Deluxe,8.326175,7.763754,9.511
995.Desperados III,8.338129,7.761946,9.4785
"1,053.Day of the Tentacle Remastered",8.030303,7.760243,4.871
141.Final Fantasy VII Rebirth,8.923,7.7591114,9.674499999999998
908.Titanfall,7.8582277,7.758894,9.732
746.Battlefield 3: Armored Kill,7.7,7.7563004,3.309
"1,194.DJMax Respect",9.444445,7.752944,8.753
654.Nex Machina: Death Machine,8.714286,7.751857,7.653499999999999
272.Crash Bandicoot: Warped,9.282895,7.751272,9.3895
597.Thirty Flights of Loving,4.338028,7.75062,9.673
929.Prince of Persia: The Lost Crown,8.833333,7.75022,9.2955
887.F1 2020,46.57143,7.748679,9.467
522.Tetris Effect: Connected,8.571428,7.7470546,7.964
647.Owlboy,7.188679,7.74217,9.4425
17.BioShock,9.082353,7.740681,8.243
"1,134.Life is Strange",8.673709,7.7385445,9.540500000000002
521.Deus Ex: Human Revolution - Director's Cut,7.888889,7.732778,9.1355
454.Like a Dragon: Infinite Wealth,8.377483,7.731206,7.377000000000001
226.Forza Horizon 3,8.67347,7.72973,4.742
481.L.A. Noire,8.028169,7.729652,9.1105
548.NieR: Automata,8.820513,7.7274914,9.584
213.Bayonetta 2,9.331839,7.7258368,4.122
144.Xenoblade Chronicles 3: Expansion Pass Wave 4 - Future Redeemed,9.676923,7.7247424,8.352500000000001
"1,118.Pillars of Eternity: Complete Edition",5.5,7.721677,9.589
998.MLB The Show 19,5.804348,7.7180443,3.8285
879.The Messenger,8.27907,7.709262,8.062000000000001
353.Forza Motorsport 2,8.5,7.708313,9.7465
662.Need for Speed III: Hot Pursuit,8.333333,7.7050004,9.540500000000002
507.Wipeout Pure,8.454545,7.7001815,6.806
74.Metaphor: ReFantazio,50.0,7.699964,9.4425
423.The Legend of Zelda: The Minish Cap,8.686869,7.699838,9.1785
32.Metal Gear Solid 2: Sons of Liberty,8.9651165,7.698726,6.48
779.Final Fantasy VI Pixel Remaster,8.307693,7.696212,4.8325000000000005
"1,084.Deep Rock Galactic",8.773255,7.695564,7.894
807.Europa Universalis IV,8.137255,7.6953435,7.786999999999999
421.Grand Theft Auto IV: The Ballad of Gay Tony,8.621622,7.693338,9.7725
197.UFO 50,7.1538463,7.6932316,1.0695
616.Monster Hunter Rise,8.760638,7.6925154,8.6375
574.Ratchet & Clank,8.652632,7.69099,9.454
123.Hades,8.736948,7.690635,9.568
802.Pinball FX 2: Star Wars Pinball,8.285714,7.6890717,2.792
347.Metroid Prime 3: Corruption,8.192983,7.6831923,9.762
169.Batman: Arkham Asylum,8.623377,7.682793,5.0
"1,074.DiRT Rally",7.873418,7.6809554,0.8660000000000001
"1,039.Path of Exile",7.3351064,7.6795964,3.4165
316.Donkey Kong 64,8.428572,7.6781693,8.1265
156.Team Fortress 2,8.639,7.678109,9.2595
95.Half-Life: Alyx,9.27957,7.672803,8.6755
366.Final Fantasy VIII,8.392473,7.671732,9.567
942.Mortal Kombat (2011),8.605442,7.671023,7.997000000000001
397.Rez Infinite,7.090909,7.6699553,4.614
859.Fallout 2,9.062893,7.6678123,1.9685
444.World in Conflict,9.25,7.6650205,2.6165
479.Return of the Obra Dinn,8.80198,7.6611285,5.0
205.Slay The Princess - The Pristine Cut,9.8,7.6537004,8.453999999999999
266.Caves of Qud,10.0,7.6536,9.716
764.The Legend of Zelda: Spirit Tracks,7.78481,7.652835,8.925
28.Half-Life,9.116208,7.6524177,2.6165
"1,055.Xenoblade Chronicles",8.0161295,7.651855,9.814
561.Ratchet & Clank: Rift Apart,8.417,7.650789,9.5055
476.Gran Turismo 4,9.495146,7.650693,9.7705
81.Call of Duty: Modern Warfare 2,8.27,7.649697,9.2405
903.Steins;Gate Elite,7.888889,7.6496115,0.7405
688.Power Stone 2,9.333333,7.6478333,6.2490000000000006
808.Sonic Mania Plus,8.869565,7.647493,9.691
256.No One Lives Forever 2: A Spy in H.A.R.M.'s Way,8.263158,7.6445527,6.489000000000001
16.Half-Life 2,9.181,7.644519,7.6335
605.Super Mario Maker 2,8.352617,7.6416984,1.757
21.Baldur's Gate 3,8.853,7.6404085,3.409
888.Monster Hunter Rise: Sunbreak,8.379311,7.6377416,3.708
260.Animal Well,7.6836734,7.633153,7.2615
644.Cave Story Plus,8.138889,7.6330547,7.047
436.Ace Combat 04: Shattered Skies,8.652174,7.6283913,5.0
227.The Legend of Zelda: Ocarina of Time / Master Quest,9.1875,7.624812,8.9225
291.Ape Escape,8.576923,7.6239424,9.433
723.Pokemon SoulSilver Version,9.056,7.623375,9.105
42.The Legend of Zelda: A Link to the Past / Four Swords,8.869565,7.6178417,9.2245
891.Saints Row IV,7.1295843,7.617161,2.357
"1,066.Castlevania: Portrait of Ruin",7.8125,7.615844,3.194
667.Subnautica,8.562189,7.6116037,9.8545
687.RimWorld,8.896774,7.6102877,9.6625
154.Advance Wars,8.652174,7.609065,1.704
956.Need for Speed: High Stakes,8.5,7.6062183,5.7655
"1,057.The Legend of Zelda: Twilight Princess HD",8.428572,7.606056,9.012
519.What Remains of Edith Finch,8.067961,7.601092,9.536
443.Fire Emblem: Three Houses,8.916,7.5991297,9.209
89.Gran Turismo 2,8.652174,7.597159,0.989
546.Ori and the Blind Forest: Definitive Edition,8.69663,7.5960054,8.7895
357.Into the Breach,7.990196,7.5949607,7.7115
149.The Sims,8.088235,7.594632,6.304499999999999
234.World of Warcraft: The Burning Crusade,7.805195,7.594534,5.5135000000000005
31.Gran Turismo,8.666667,7.5943584,9.836
88.Company of Heroes,8.473684,7.5935,6.6455
"1,105.Horizon Zero Dawn Remastered",7.8522725,7.5918775,9.897
791.Katamari Damacy REROLL,7.318182,7.587921,9.1355
509.XCOM 2: War of the Chosen,7.6065574,7.587229,6.3660000000000005
25.The House in Fata Morgana - Dreams of the Revenants Edition -,7.4561405,7.5846295,8.2985
224.Twisted Metal: Black,7.96,7.5810003,8.9225
271.Mario Golf,7.4,7.5782,9.817
627.Diablo III: Eternal Collection,7.978261,7.5781636,9.761500000000002
672.Final Fantasy XIV: Stormblood,6.8688526,7.576599,5.7655
630.Sid Meier's Pirates!,7.8461537,7.575826,2.4445
"1,023.Luigi's Mansion 3",8.255898,7.5756783,2.6865
611.Tekken 5: Dark Resurrection,8.705882,7.5753245,5.129
41.Halo 2,8.952055,7.571605,9.3445
904.The Sims 3,7.3316326,7.5704756,8.8585
2.SoulCalibur,9.021276,7.5700426,3.194
833.Spider-Man (2000),8.511628,7.562373,8.062000000000001
387.Pikmin,8.25,7.562187,9.761500000000002
140.Uncharted 3: Drake's Deception,8.472,7.557249,9.511
155.Vagrant Story,9.0222225,7.553166,9.621
557.Assassin's Creed IV: Black Flag,8.263158,7.551603,5.3755
326.Sid Meier's Civilization III,8.409091,7.5499086,7.794
"1,001.Max Payne 3",7.990033,7.5493593,3.8685
399.Fallout,8.794118,7.5484934,2.6045
"1,159.SoulCalibur IV",7.45,7.5466995,9.1905
558.The Last of Us: Left Behind,7.6707315,7.5426645,9.2775
"1,016.Indiana Jones and the Great Circle",8.782383,7.5426226,9.2775
298.Ratchet & Clank: Going Commando,9.05,7.542131,7.859499999999999
997.Pony Island,7.4130435,7.5365314,6.909
"1,161.Kingdom Hearts",8.296296,7.535427,9.01
924.Her Story,6.322581,7.5318537,0.8875
168.Undertale,8.838,7.5311604,9.751
876.Velocity 2X,6.4,7.5302124,7.286
701.Legends of Runeterra,6.2380953,7.529929,9.691
941.Beyond Good & Evil,9.444445,7.5292783,8.304
37.Grand Theft Auto: Vice City,8.845715,7.528598,8.1845
276.Balatro,8.556521,7.5268965,4.871
897.Golden Sun: The Lost Age,9.172414,7.525845,8.548
446.Quake II - Enhanced Edition,8.83721,7.5246754,5.640000000000001
547.Streets of Rage 4: Mr. X Nightmare,8.285714,7.524571,4.36
537.The Binding of Isaac: Rebirth,8.475247,7.5203314,3.75
261.Disco Elysium,7.819149,7.51807,3.8685
544.Star Fox 64,8.409836,7.5107546,9.7905
949.Homeworld Remastered Collection,7.0,7.5066285,8.634500000000001
"1,043.OlliOlli2: Welcome to Olliwood",6.0,7.504131,8.96
"1,137.Teenage Mutant Ninja Turtles: Shredder's Revenge",8.052631,7.502702,6.7
550.Rise of the Tomb Raider: 20 Year Celebration,7.6831956,7.5026236,8.982
641.Baldur's Gate II: Throne of Bhaal,8.444445,7.499611,9.657
373.Wipeout HD Fury,8.076923,7.4995,9.7025
680.RalliSport Challenge 2,9.0,7.4992504,9.9105
322.Hollow Knight,8.879487,7.498595,2.5365
"1,191.Final Fantasy X / X-2 HD Remaster",8.135135,7.495343,9.158
673.Bloodborne: The Old Hunters,9.321428,7.495097,8.3065
"1,038.Turok 2: Seeds of Evil",9.0625,7.491812,5.8895
815.Tales of Arise,8.447099,7.4858284,9.2405
286.World of Goo,7.6901407,7.4858246,9.2145
68.BioShock Infinite,8.049,7.4826016,1.5015
721.The Elder Scrolls III: Morrowind,8.785714,7.481536,7.1075
23.Tekken 3,9.351851,7.4761443,6.902
567.NBA 2K17,6.179487,7.47557,7.617000000000001
"1,096.Daxter",8.372093,7.4729657,9.5845
"1,050.Persona 4 Arena",7.6944447,7.470904,9.4035
"1,126.Paranormasight: The Seven Mysteries of Honjo",8.909091,7.4700007,9.786
320.Half-Life 2: Episode Two,8.983334,7.4682765,9.1065
835.Tenchu: Stealth Assassins,9.166667,7.4646106,7.673
678.SOCOM II: U.S. Navy SEALs,8.642858,7.4618216,9.531
612.The Stanley Parable,46.57143,7.457036,9.9015
948.Max Payne 2: The Fall of Max Payne,9.005181,7.4511228,9.834499999999998
637.Pillars of Eternity II: Deadfire,7.4722223,7.4510274,7.929500000000001
116.Mass Effect 3,7.22,7.450552,7.553000000000001
285.Tom Clancy's Ghost Recon Advanced Warfighter,7.266667,7.4501667,9.8865
361.GTR 2,9.5,7.4494996,9.7585
259.Golden Sun,9.096774,7.449153,9.4425
279.The Sims 2,8.470589,7.447365,7.374499999999999
531.Medal of Honor: Frontline,8.764706,7.445941,9.637
253.Gears of War 3,8.392786,7.4417977,9.6635
917.Guilty Gear Xrd -REVELATOR-,8.619047,7.441619,2.9905000000000004
992.Katamari Damacy,8.6470585,7.4405007,9.637
258.Legacy of Kain: Soul Reaver,8.975,7.440488,8.753
740.Elite Beat Agents,8.0,7.4395723,9.593
417.Super Mario 3D World + Bowser's Fury,8.605422,7.4385376,9.7295
636.World of Warcraft: Legion,6.5376883,7.4369903,8.290500000000002
572.Dishonored 2,7.8671875,7.430608,2.6165
101.Starcraft II: Wings of Liberty,7.95,7.4304304,8.6755
851.Uncharted: The Nathan Drake Collection,8.358779,7.4268913,9.691
670.Halo 4,7.415,7.4214716,5.9215
"1,068.Risk of Rain 2",8.281691,7.420334,9.58
406.Slay the Spire,8.522293,7.4184446,7.524999999999999
448.Destiny 2: The Final Shape,7.9534883,7.416621,9.253
312.Star Wars Rogue Leader: Rogue Squadron II,8.727273,7.413545,8.1845
590.WarioWare: Twisted!,9.4,7.4122,9.429
437.Max Payne,8.790514,7.412045,5.0
985.Unreal Tournament 2003,9.0,7.4114,9.201
657.Diablo II,8.624277,7.409712,9.7585
683.Pokemon White Version,8.0,7.40877,0.701
676.Injustice 2,7.56962,7.408713,0.7629999999999998
438.Final Fantasy VII Remake Intergrade,7.994695,7.4009542,9.932
"1,086.Oddworld: Abe's Oddysee",8.282051,7.400807,9.1125
159.The Witcher 3: Wild Hunt,8.348889,7.4002566,0.7815
72.Grim Fandango,8.596491,7.3978586,7.233
178.Divinity: Original Sin II - Definitive Edition,8.180327,7.3959875,5.747999999999999
14.Halo: Combat Evolved,8.643762,7.3938694,0.937
344.Mario Kart 8 DLC Pack 2,6.84,7.39386,2.886
652.Need for Speed: Hot Pursuit,6.8705883,7.393225,9.738
"1,184.Tunic",8.148149,7.3874555,8.7235
281.World of Warcraft: Cataclysm,4.9,7.383658,3.409
"1,060.Tetris Party",8.5,7.3835835,8.8585
671.Football Manager 2010,7.6,7.3831,5.8895
"1,104.The Outer Worlds",7.8682632,7.3809047,9.559
249.Crusader Kings III,7.3891625,7.380163,7.4695
690.Metropolis Street Racer,8.8,7.3781,1.6860000000000004
85.Sid Meier's Civilization IV,8.26087,7.377927,9.01
600.Hearthstone: Heroes of Warcraft,3.7790143,7.375072,1.5460000000000005
131.World of Warcraft,6.643229,7.373012,8.1845
716.Uncharted: Legacy of Thieves Collection,7.9435897,7.3727775,6.341
342.Sid Meier's Civilization V,6.762938,7.371427,8.8515
6.The Legend of Zelda: Breath of the Wild,9.0222225,7.3711405,8.804499999999999
"1,131.Madden NFL 10",6.428571,7.3704996,9.3965
127.Super Smash Bros. Ultimate,8.173,7.368558,7.411
737.Marvel's Spider-Man,8.561,7.3674173,9.724
415.Xenoblade Chronicles 3,8.793696,7.364926,6.909
785.Grindstone,8.0,7.363616,5.0
730.Dead or Alive 3,8.769231,7.362076,9.214
698.Crypt of the NecroDancer,8.6,7.361901,6.9595
994.Grand Theft Auto: Vice City Stories,7.8245616,7.361001,1.125
411.Tekken 2,8.346154,7.3594613,8.2985
845.Gone Home,5.32904,7.35766,8.715
439.Hollow Knight: Voidheart Edition,8.8,7.3563757,8.963
"490.WarioWare, Inc.: Mega Microgame$!",8.8,7.3516493,9.4255
754.Metal Gear Solid: Portable Ops,7.8076925,7.3513846,9.006
"829.Warhammer 40,000: Dawn of War - Dark Crusade",8.642858,7.350286,0.9625
803.Spelunky,8.428572,7.348465,9.303
82.Metal Gear Solid 4: Guns of the Patriots,9.02,7.347844,5.9945
126.Uncharted 4: A Thief's End,8.919,7.347619,8.243
44.The Last of Us,9.062,7.345626,9.6965
733.Final Fantasy Tactics Advance,8.444445,7.3377047,9.429
729.Batman: Arkham Knight,8.129,7.3315616,2.447
506.Asgard's Wrath,8.181818,7.330788,8.425
190.The ICO & Shadow of the Colossus Collection,8.288462,7.3289747,2.3365
"996.Warhammer 40,000: Dawn of War",8.275,7.328688,8.8375
3.Grand Theft Auto IV,8.370093,7.324676,7.757000000000001
921.Silent Hill 2,9.397216,7.3203144,9.1035
388.The Walking Dead: A Telltale Games Series,8.544571,7.320223,8.450500000000002
776.Zero Escape: The Nonary Games,8.210526,7.31908,9.7655
"1,003.Warhammer Online: Age of Reckoning",7.0,7.318813,9.786
907.Destiny 2: The Witch Queen,8.254545,7.3153453,3.1565
"1,064.The Legend of Zelda: Echoes of Wisdom",8.413559,7.3133864,8.425
738.Pokemon Moon,7.5675673,7.292581,3.194
778.Pokemon Black Version,8.179487,7.290496,0.7405
157.System Shock 2,9.234694,7.2901793,7.0165
784.Wipeout HD,7.3125,7.2901254,9.209499999999998
603.Metroid Dread,8.348,7.2889686,4.2445
405.Left 4 Dead,7.953846,7.288709,6.591
747.Forza Motorsport 6,7.8685713,7.2843595,7.5325
726.The Legend of Zelda: Link's Awakening,8.24055,7.281008,9.68
539.BioShock 2,8.010638,7.280474,9.01
103.Street Fighter IV,7.0,7.2781315,9.6055
119.Mario Kart: Super Circuit,6.3875,7.2719254,8.941
"1,056.Fire Emblem Fates: Birthright",7.5185184,7.269401,4.742
390.Monster Hunter: World - Iceborne,8.627451,7.268431,9.375
"1,146.Aliens Versus Predator 2",9.210526,7.2679477,9.771
115.Pro Evolution Soccer 2,9.5,7.2623334,9.417
300.FIFA Soccer 10,6.647059,7.2554994,8.1465
736.Red Dead Redemption: Undead Nightmare Pack,8.117647,7.250981,3.8515
1.The Legend of Zelda: Ocarina of Time,9.219,7.2504287,9.531
472.Einhander,9.375,7.250125,9.558
602.Grand Theft Auto: Liberty City Stories,7.9215684,7.2497935,8.352500000000001
"1,111.Midnight Club II",8.846154,7.248962,9.2325
466.Dark Souls: Artorias of the Abyss,8.823529,7.2486176,9.801
36.Grand Theft Auto: San Andreas,9.195021,7.2401776,9.674499999999998
615.Guacamelee! Gold Edition,7.36,7.2319,3.409
"1,042.Guilty Gear Xrd: Rev 2",8.066667,7.2289667,8.8
"1,054.Cyberpunk 2077",8.24,7.2272477,9.593
"1,162.Frostpunk 2",7.28125,7.222958,5.8895
"1,035.Heroes of the Storm",5.532258,7.220314,0.2274999999999999
445.NieR: Automata - The End of YoRHa Edition,8.915493,7.219718,9.6655
164.Rome: Total War,9.074534,7.2192245,9.9245
139.Prince of Persia: The Sands of Time,8.76,7.2074003,6.003
349.Monster Hunter: World,7.5067177,7.204815,8.8385
578.Tiger Woods PGA Tour 2003,10.0,7.202,0.0
"1,067.Inscryption",8.523809,7.201525,2.8995000000000006
104.Minecraft,8.571,7.1985865,5.0
874.Ground Control,8.666667,7.19825,3.091
331.LIMBO,7.978261,7.191789,8.22
457.XCOM: Enemy Unknown,7.3932037,7.182911,8.9635
440.Streets of Rage 2,8.666667,7.182722,7.8525
171.Thief: The Dark Project,9.230769,7.1783457,6.1315
166.Demon's Souls,7.987,7.1737566,7.929500000000001
"1,034.Destiny: The Taken King",6.6853933,7.17187,6.071999999999999
661.NBA 2K13,6.7105265,7.1716576,8.154
"1,163.Marvel's Spider-Man: Miles Morales",7.254,7.170442,3.409
783.Odin Sphere Leifthrasir,8.243902,7.170207,8.634500000000001
48.The Last of Us Remastered,9.003,7.169759,9.1355
923.Panzer Corps 2,5.0,7.169441,8.6555
"1,088.Tom Clancy's Rainbow Six",7.0,7.1638627,8.8585
768.Diablo III: Reaper of Souls,5.7769027,7.16285,9.565
495.Disco Elysium: The Final Cut,7.8814816,7.161841,2.5305
991.Fight Night Champion,6.6415095,7.1586976,6.2545
"1,129.Battlerite",7.206897,7.1556554,9.5765
682.Final Fantasy VII Remake,46.785713,7.1534643,9.778
"1,020.XCOM: Enemy Within Expansion",7.9147286,7.1534534,9.461
107.Quake III Arena,7.8333335,7.1505833,6.226500000000001
66.Quake,9.078947,7.145125,4.2865
158.Final Fantasy XII,7.716763,7.1446767,0.6104999999999999
813.Driver,8.315789,7.1435533,9.6555
640.Joe Danger: Special Edition,7.5555553,7.1405554,6.48
310.NieR: Automata - Become as Gods Edition,8.701492,7.1384897,9.5875
117.Metal Gear Solid V: The Phantom Pain,7.945,7.1379814,8.5015
403.Left 4 Dead 2,8.711538,7.1343393,9.2595
193.Metroid Fusion,8.731958,7.1316338,7.553000000000001
551.Uncharted: Drake's Fortune,7.46003,7.127182,1.247
759.MechAssault,8.666667,7.1230564,9.55
187.Medal of Honor (1999),8.621622,7.12219,9.6965
264.NieR: Automata - Game of the YoRHa Edition,8.28125,7.118042,8.8565
70.Ninja Gaiden Black,8.931034,7.117723,3.742
534.Tekken 5,8.641791,7.1173053,1.996
306.NHL 2001,7.5,7.115625,5.8895
631.EVE Online: Special Edition,5.671642,7.114783,6.806
854.Supreme Commander,8.066667,7.1116834,1.9865
505.Burnout Paradise,6.4545455,7.1086373,4.0725
972.Amplitude (2003),7.0,7.1075,0.0
708.Thief II: The Metal Age,8.416667,7.1027913,4.297
408.Dark Souls III,8.5684595,7.09858,9.3355
434.Atari 50: The Anniversary Celebration,59.363636,7.0929995,9.43
749.Bully,9.088435,7.0857525,9.769
758.Psychonauts 2,8.195601,7.0797358,7.9245
"1,070.Mario + Rabbids Sparks of Hope",7.118421,7.077956,1.5460000000000005
514.Microsoft Flight Simulator 2004: A Century of Flight,6.75,7.07575,1.408
841.Shin Megami Tensei: Persona 3,7.8846154,7.070981,9.2955
134.Forza Horizon 4,8.473394,7.066988,9.716
79.Diablo,8.825397,7.0664196,8.6395
931.Pentiment,7.8073397,7.0647316,8.9225
875.Cuphead,8.777778,7.061553,7.8885
816.Spelunky 2,7.6666665,7.05935,4.185499999999999
715.Half-Life 2: Episode One,8.21118,7.0590367,2.213
884.Vampire Survivors,8.333333,7.0529037,5.0
257.Castlevania: Aria of Sorrow,9.020833,7.0498652,6.999
812.Total War: WARHAMMER II,7.532258,7.0472713,0.4144999999999998
811.Sunless Skies,6.35,7.04695,9.36
"1,108.Pokemon Pearl Version",7.8235292,7.0436378,9.7585
29.The Legend of Zelda: Tears of the Kingdom,8.908,7.0313706,1.5670000000000002
301.Marvel's Spider-Man 2,7.868,7.028555,4.36
674.Hitman 3,6.954861,7.0234737,9.5745
626.Resident Evil 4: Separate Ways,9.2,7.0193686,8.8915
978.Sons of the Forest,8.305555,7.0192924,9.7975
728.Mini Motorways,7.1538463,7.0182695,9.608
362.Total War: Shogun 2,8.013333,7.018111,9.4775
618.Counter-Strike: Source,8.235294,7.011772,9.59
9.Red Dead Redemption 2,9.337,7.0109606,9.3445
702.Pokemon Sun,7.3554688,7.0098276,3.363
692.Jeanne d'Arc,8.0,7.005056,9.4785
330.The Last of Us Part II Remastered,7.377176,7.0030556,7.2895
817.Hi-Fi Rush,9.011,7.0002484,9.576
838.Fallout 4,7.026,6.99863,5.640000000000001
250.Battlefield 2,8.419354,6.9982266,0.3320000000000001
822.Marvel's Spider-Man Remastered,7.6963696,6.995082,2.745
"1,030.Armored Core VI: Fires of Rubicon",7.8482757,6.9928446,4.503
732.Mario Kart 8 DLC Pack 1,5.873016,6.9919195,7.1075
971.Fight Night Round 3,8.428572,6.990143,2.0555000000000003
294.Grand Theft Auto IV: The Lost and Damned,7.65625,6.9765005,5.013
940.Mario & Luigi: Partners in Time,8.349206,6.9754205,9.177
"1,132.Astro Boy: Omega Factor",8.428572,6.9651423,8.715
230.Crysis,7.868243,6.9649997,9.7435
563.Rogue Legacy 2,47.57143,6.9646792,9.221
254.Killzone 2,7.5986843,6.9630523,6.753
91.Tom Clancy's Splinter Cell: Pandora Tomorrow,7.9166665,6.9609585,5.8870000000000005
452.Nuclear Throne,8.609756,6.9606466,8.953
"1,130.Command & Conquer 3: Tiberium Wars",7.0277777,6.95693,3.8875
110.Tom Clancy's Splinter Cell,8.333333,6.9526668,3.091
"1,185.Shadow Tactics: Blades of the Shogun",8.54321,6.94771,8.57
713.Kentucky Route Zero: TV Edition,6.2380953,6.9451666,2.371
"1,125.Onimusha 3: Demon Siege",8.041667,6.9445415,5.0
"1,090.Wasteland 3",6.9758453,6.9437127,6.8285
12.Grand Theft Auto III,8.303449,6.9380636,8.9675
282.Bayonetta,8.3,6.9375706,7.6145
981.Burnout 2: Point of Impact,8.111111,6.936777,9.43
986.Burnout 2: Point of Impact,8.111111,6.936777,9.43
355.Freedom Force,7.3333335,6.933111,4.1725
668.Mouthwashing,7.75,6.932476,5.1615
167.Street Fighter 6,7.315961,6.9249926,9.7825
"1,079.Midnight Club 3: DUB Edition Remix",46.142857,6.924929,8.316
"1,151.Final Fantasy XV: Royal Edition",7.361607,6.9207406,6.927
503.Railroad Tycoon II,8.125,6.918875,4.625
504.ESPN NBA Basketball,8.0,6.916,6.916
870.The Witcher: Enhanced Edition,7.2860312,6.906351,9.063
235.MLB 10: The Show,7.5,6.9027,9.6435
359.Sekiro: Shadows Die Twice,8.941,6.90148,9.4895
620.Fire Emblem Fates: Revelation,6.5789475,6.8993554,6.1315
365.Bayonetta + Bayonetta 2,8.878378,6.899121,9.7045
368.Beetle Adventure Racing,8.2,6.8931,9.5765
677.Ghost of Tsushima: Director's Cut,7.911,6.8918953,5.5865
"1,059.Mini Metro",7.8,6.8888993,7.929500000000001
318.Panzer Dragoon Orta,8.375,6.883312,8.062000000000001
325.Ori and the Will of the Wisps,9.266467,6.8787084,3.7625
655.Nioh,7.909256,6.877726,3.4015
596.Shogo: Mobile Armor Division,9.0,6.877571,0.3415000000000001
"1,128.Final Fantasy X-2",6.266667,6.8764133,4.871
485.Alan Wake II,8.333333,6.8755155,9.489
447.Castlevania: Dawn of Sorrow,8.029411,6.8734107,5.0
145.Bloodborne,9.014,6.8639107,1.247
914.Alundra,9.0,6.861224,9.66
191.Metroid Prime 2: Echoes,8.515152,6.8605533,9.3015
"1,114.EverQuest",6.0555553,6.859945,4.2475000000000005
794.Return to Monkey Island,6.720721,6.8565307,3.708
135.God of War III,9.107368,6.8554506,9.1355
289.Syphon Filter,8.65625,6.8548284,5.069
372.Star Wars Jedi Knight II: Jedi Outcast,8.14,6.85408,9.1785
427.Cyberpunk 2077: Phantom Liberty,7.058025,6.849797,9.4105
468.Battlefield 3,7.449,6.8490386,8.3915
725.Dragon Ball FighterZ,7.56,6.847932,9.327
719.DiRT 3,6.64,6.8422093,8.634500000000001
324.Blast Corps,8.222222,6.837667,1.938
496.Horizon Zero Dawn,7.998,6.836983,2.158
826.Turbo Overkill,9.052631,6.832342,9.4675
"1,041.Braid Anniversary Edition",5.6666665,6.8301663,7.202
695.Astral Chain,9.003,6.8233395,1.845
124.Resident Evil 4,8.744,6.8172836,5.8805
26.Elden Ring,8.504,6.815716,9.65
691.FIFA Soccer 09,6.5,6.813125,7.1075
880.Resistance: Fall of Man,7.185185,6.812699,7.202
559.Far Cry 3,7.926,6.810611,9.467
593.Deathloop,6.7892156,6.805521,7.784499999999999
704.Five Nights at Freddy's: Into the Pit,7.5306125,6.7980714,4.447
"1,044.Assault Android Cactus+",8.75,6.7965,2.5305
113.Gears of War 2,8.373333,6.785773,8.701
54.Elden Ring: Shadow of the Erdtree,8.108598,6.784959,9.674499999999998
284.ICO,8.373333,6.7833066,9.375
750.Call of Duty: Black Ops,6.8166385,6.7770123,9.7675
295.FIFA Soccer 12,6.2989693,6.7718196,9.6085
498.Devil May Cry 5: Special Edition,8.347826,6.76745,6.08
694.Sea of Stars,7.6565657,6.7659435,9.213
499.The Last of Us Part I,6.527,6.759163,8.7895
"1,082.Buckshot Roulette",8.266666,6.749467,6.7
890.BlazBlue: Calamity Trigger,7.3333335,6.7443333,8.7895
805.Resistance 2,7.2970295,6.7442737,8.955
"1,078.World of Warcraft: The War Within",4.459677,6.740632,5.0
576.XCOM: Enemy Within,8.5,6.731932,5.385999999999999
52.God of War,8.593,6.7305827,4.6995
83.God of War (2005),8.821637,6.725336,8.825000000000001
705.Heavy Rain,7.53,6.724629,2.8100000000000005
604.Medieval II: Total War,8.85567,6.723088,9.889
889.Monster Boy and the Cursed Kingdom,7.0,6.7099996,1.018
"1,040.Returnal",6.893,6.7044744,9.044
857.Neva,7.965517,6.7022076,0.4639999999999999
389.Tiger Woods PGA Tour 2004,9.0,6.7,5.0
714.Final Fantasy XVI,7.518,6.6966357,8.695500000000001
153.Forza Horizon 5,7.264,6.686133,9.487
217.Colony Wars,7.6666665,6.685,7.929500000000001
215.Colony Wars,7.6666665,6.685,7.929500000000001
"1,158.Control: Ultimate Edition",7.75,6.684092,6.423
860.Total War: Shogun 2 - Fall of the Samurai,8.306452,6.6824436,1.871
756.Zack & Wiki: Quest for Barbaros' Treasure,7.3333335,6.6736674,3.796
916.Ni no Kuni: Wrath of the White Witch Remastered,7.462963,6.6717415,7.4695
781.Wolfenstein II: The New Colossus,7.3261538,6.6702366,0.6195
614.God of War: Ragnarok - Valhalla,8.558824,6.6589694,2.213
11.Metroid Prime,51.0,6.6582856,9.2595
"1,112.SWAT 4",8.571428,6.6514754,8.875
633.FIFA Soccer 11,6.6976743,6.6482687,9.841
"1,031.Battlefield 3: Back to Karkand",7.394737,6.6418557,1.502
"1,100.Among Us",6.795031,6.626185,9.568
391.Dead Cells,7.98,6.6233177,9.329
920.God of War: Ghost of Sparta,8.681818,6.621607,9.4405
"1,047.ENDER LILIES: Quietus of the Knights",8.462687,6.62032,7.8125
186.Conker's Bad Fur Day,47.92857,6.618072,9.8255
809.NBA 2K16,5.614754,6.617697,9.761500000000002
"1,045.Forza Motorsport 7",6.392857,6.61365,0.4594999999999999
269.Dark Souls II,7.8551235,6.6101527,1.678
584.Fire Emblem Fates: Special Edition,6.9215684,6.6046767,5.1845
267.Resident Evil 2,8.895,6.6041384,9.806
772.Serious Sam: The First Encounter,8.365079,6.601706,2.4125
583.Injustice 2: Legendary Edition,7.7708335,6.599218,9.6005
10.Grand Theft Auto V,8.414286,6.5959287,4.981999999999999
251.God of War Collection,8.5,6.5951858,9.7045
932.Bayonetta 3,7.6884737,6.594395,5.3395
552.Tom Clancy's Rainbow Six: Vegas,7.9,6.5901246,7.094
515.Medieval: Total War,8.9,6.5854006,5.0
360.Tekken 8,6.8154507,6.576241,9.4785
278.Animal Crossing: New Horizons,5.397,6.567153,9.8765
709.Crusader Kings III: Roads to Power,9.0,6.5628996,9.7425
86.Virtua Fighter 4,6.285714,6.551,1.1085
63.Gears of War,8.158103,6.549853,4.495
201.Medal of Honor: Allied Assault,8.424658,6.5490084,7.1075
862.Kirby: Canvas Curse,7.0,6.5441155,5.385999999999999
"1,008.Advance Wars: Days of Ruin",8.588235,6.5423827,7.553000000000001
232.God of War: Chains of Olympus,8.257143,6.541777,6.880999999999999
638.DOOM Eternal,9.398,6.538452,0.3999999999999998
780.Mass Effect Legendary Edition,5.5580864,6.5364585,7.786999999999999
568.Battlefield: Bad Company 2,8.522936,6.5341787,6.151999999999999
77.Resident Evil Code: Veronica,8.523809,6.531476,2.863
535.F.E.A.R.,8.257485,6.5288186,6.858
575.Horizon Forbidden West,7.022,6.5251846,0.8200000000000002
"1,164.The Binding of Isaac: Afterbirth",8.444445,6.504703,3.409
872.Astebreed,7.8421054,6.500921,2.9905000000000004
878.Killer Instinct Season 3,8.705882,6.5003533,6.374
350.Dota 2,5.048,6.500056,9.417
946.Street Fighter III: 3rd Strike - Fight for the Future,7.6363635,6.4886365,9.201
125.Virtua Fighter 4: Evolution,10.0,6.4874167,9.063
480.Lumines,6.75,6.484125,4.855
76.God of War: Ragnarok,8.201,6.4814467,6.48
246.Resident Evil 3: Nemesis,9.142858,6.4789166,8.6755
610.F1 2002,7.3333335,6.476667,8.753
782.Call of Duty: United Offensive,8.0222225,6.4706674,8.495
304.The Legend of Zelda: Phantom Hourglass,7.360465,6.4680915,4.605
470.Battlefield 1942,8.326087,6.46325,8.9115
450.Horizon Forbidden West: Complete Edition,7.0183487,6.455239,9.8165
984.Colin McRae Rally 3,6.428571,6.4550714,5.541
987.Colin McRae Rally 3,6.428571,6.4550714,5.541
393.Demon's Souls (2009),8.508197,6.4540253,7.803
"1,183.The Binding of Isaac: Afterbirth +",45.785713,6.4531784,8.404
861.Mario Kart 8 Deluxe: Booster Course Pass - Wave 4,5.6666665,6.45175,2.0705
56.Devil May Cry,8.34375,6.450116,3.4040000000000004
734.Immortality,6.5945945,6.449432,8.548
710.Tactics Ogre: Let Us Cling Together,8.103448,6.4483113,4.742
763.Fight Night Round 4,6.5,6.4448123,5.258000000000001
220.Resident Evil (Remake),8.878788,6.4376664,1.7059999999999995
792.DiRT 2,8.142858,6.4245715,9.454
795.Sin & Punishment: Star Successor,8.238095,6.423452,2.9355
"1,099.Hearthstone: Heroes of Warcraft - Whispers of the Old Gods",3.0526316,6.4112897,1.2080000000000002
825.World of Warcraft: Warlords of Draenor,4.7881775,6.3998303,7.786999999999999
"1,197.The Cosmic Wheel Sisterhood",7.1,6.39915,4.586
459.Apex Legends,6.263048,6.3869395,6.1315
463.Shin Megami Tensei: Persona 3 FES,47.92857,6.3759646,9.18
"1,052.Viewtiful Joe 2",8.25,6.369375,2.1365
20.Resident Evil 4 (2005),9.173516,6.3618093,0.9539999999999998
430.Dead Space,8.198675,6.3574743,3.194
"1,094.Tatsunoko vs. Capcom: Ultimate All-Stars",8.625,6.35725,7.553000000000001
697.Guilty Gear -Strive-,6.2894735,6.3432503,3.642
128.Wipeout XL,7.5,6.3415003,9.7725
621.Sid Meier's Civilization VI,5.9066668,6.3300686,1.8755
"1,133.BlazBlue: Continuum Shift",8.75,6.3149996,8.9675
586.Final Fantasy Tactics,47.42857,6.314214,9.01
"1,182.Dark Souls: Prepare to Die Edition",7.1976047,6.2975645,9.4145
99.God of War II,9.059761,6.2870564,9.3975
751.Fire Emblem Fates: Conquest,7.5233645,6.286036,7.061999999999999
273.Call of Duty,8.006945,6.2731547,8.404
577.Red Faction,7.266667,6.2721,9.43
659.Mortal Kombat 11 Ultimate,6.815534,6.2657523,4.751
827.Halo Infinite,6.5,6.2420273,9.9015
650.MULLET MADJACK,9.0,6.235628,6.7345
"1,048.Football Manager 2019",4.4814816,6.2324443,9.01
"1,115.Rollcage Stage II",8.0,6.2293997,8.295
693.Street Fighter V: Arcade Edition,5.8333335,6.2114453,7.155
720.Syphon Filter: Dark Mirror,7.818182,6.1681824,0.3470000000000001
209.Overwatch,4.204,6.1669197,0.3665000000000001
"1,121.Warhammer 40,000: Dawn of War II",6.365854,6.13958,1.1805
"1,029.Dragon's Dogma 2",5.8987517,6.111351,1.837
865.Football Manager 2013,5.367347,6.1101236,9.201
488.Castlevania Dominus Collection,9.25,6.105,3.194
724.Castlevania: Harmony of Dissonance,7.0689654,6.103792,9.5695
487.Silent Hill 2 (2001),9.319149,6.096391,1.4995000000000005
703.Sins of a Solar Empire,7.607143,6.096357,3.642
"1,005.NHL 12",5.7083335,6.081938,8.062000000000001
717.Gran Turismo 7,4.053,6.076553,7.7255
886.Total War: WARHAMMER,7.257143,6.0731015,6.471
771.Shogun: Total War Warlord Edition,8.75,6.069,4.36
418.Dark Souls,8.407408,6.0520225,9.5875
669.Devil May Cry 5,8.584906,6.0513215,3.963
236.Shadow of the Colossus,7.1007633,6.041713,0.8410000000000001
356.FIFA Soccer 13,4.9528303,6.0333495,9.083
974.Devotion,8.69697,6.024667,8.701
337.Dead Space 2,8.814159,6.023785,8.294
90.The Last of Us Part II,6.416,5.9862175,4.742
122.Viewtiful Joe,7.9375,5.979813,3.3545000000000003
146.Eternal Darkness: Sanity's Requiem,8.38,5.9709487,5.9255
731.Jak II,7.771739,5.9527984,1.8755
"1,154.Dead or Alive 4",7.894737,5.941289,9.299
231.Ninja Gaiden (2004),7.75,5.939813,3.52
265.Castlevania: Circle of the Moon,6.9166665,5.927347,2.5245
905.Freedom Force vs The 3rd Reich,5.0,5.9143333,9.74
882.Kentucky Route Zero,4.875,5.9088535,0.7055
"1,120.Star Wars Jedi: Survivor",6.218599,5.9025745,0.7305
152.Forza Motorsport (2005),7.125,5.88425,8.982
518.Call of Duty: Modern Warfare 3,4.363,5.8290973,2.447
"1,097.Dragon Age: Inquisition",5.004,5.817247,8.7895
203.Microsoft Flight Simulator,6.774143,5.814653,5.6535
990.Tom Clancy's Rainbow Six 3,7.75,5.787625,8.842
374.Halo 2 Multiplayer Map Pack,8.0,5.74975,5.0
649.Battlefield: Bad Company 2 Vietnam,7.695652,5.740696,1.247
959.Nioh 2: The Complete Edition,6.287234,5.734698,6.8805000000000005
957.Dino Crisis 2,9.0,5.7194357,1.0620000000000005
952.Planet Puzzle League,9.0,5.68225,5.0
804.Dark Souls II: Scholar of the First Sin,6.9411764,5.678778,6.0115
928.Radiant Silvergun,8.75,5.6565,2.184
622.Battlefield 1,6.172742,5.637485,3.0485
571.XCOM 2,6.6230597,5.635602,4.862
625.Diablo III,3.582,5.6242876,9.7745
"1,009.PlayerUnknown's Battlegrounds",4.3733907,5.571295,0.963
451.Far Cry,7.346591,5.5511193,9.623
363.Empire: Total War,7.18125,5.4786787,3.8455
453.Dead Space (2008),8.616541,5.4568863,1.1414999999999995
"1,189.Monopoly Tycoon (2001)",9.0,5.43325,4.678
"1,165.Amnesia: The Dark Descent",8.623832,5.348978,0.963
530.Ultimate Fighting Championship,4.0,5.308,8.9675
970.Total War: WARHAMMER III,4.4232802,5.300856,2.798
"1,004.Resident Evil 7: biohazard",7.748996,5.280413,6.929499999999999
"1,015.Escape from Monkey Island",6.875,5.2685,0.6805
323.MLB 09: The Show,8.0,5.258,5.0
392.Rez,8.0,5.2110004,9.258
954.DmC: Devil May Cry,5.6285715,5.178884,7.786999999999999
520.Brothers in Arms: Road to Hill 30,8.0,5.0968337,7.6685
598.KILL KNIGHT,8.875,5.054281,1.247
"1,136.Hotline Miami",8.635339,5.0501237,8.548
492.NBA 2K2,9.0,5.0,0.0
706.MechWarrior 4: Vengeance,10.0,5.0,0.0
133.World Soccer Winning Eleven 7 International,10.0,5.0,0.0
262.World Soccer Winning Eleven 8 International,10.0,5.0,0.0
856.Silent Hill,8.876471,4.983569,0.5095
883.Diablo IV,2.162,4.8731036,4.614
248.Resident Evil,8.623529,4.8391705,0.5214999999999997
666.DOOM 3,7.326923,4.703124,1.5925
964.HROT,8.333333,4.6317496,7.0455000000000005
"1,117.Tom Clancy's Splinter Cell: Double Agent",5.3333335,4.4891,0.469
743.Bangai-O,7.5,4.3407497,8.0295
317.NCAA Football 2002,0.0,3.634,3.634
"1,124.The Sims 4: Realm of Magic",2.75,2.998,7.7005
425.Combat Mission: Barbarossa to Berlin,9.5,2.68875,4.742
"1,199.Wargroove 2",2.0,1.924,6.916
635.Armadillo Run,7.0,1.457,2.5305
"1,193.Maboshi's Arcade",10.0,0.585,3.52
765.Raw Data,7.0,0.227,0.3954999999999997
